{"cameraMode":{"drawMode":0,"name":"Shaded","section":"Shading Mode"},"sceneLighting":false,"audioPlay":false,"sceneViewState":{"m_AlwaysRefresh":false,"showFog":true,"showSkybox":false,"showFlares":true,"showImageEffects":true,"showParticleSystems":true,"showVisualEffectGraphs":true,"m_FxEnabled":true},"in2DMode":false,"pivot":{"x":0.959983766078949,"y":5.929975509643555,"z":-2.110006093978882},"rotation":{"x":0.01035498920828104,"y":0.9518941640853882,"z":0.03257112205028534,"w":-0.3038857579231262},"size":0.000017344029402011074,"orthographic":false}