{"cameraMode":{"drawMode":0,"name":"Shaded","section":"Shading Mode"},"sceneLighting":false,"audioPlay":false,"sceneViewState":{"m_AlwaysRefresh":false,"showFog":true,"showSkybox":false,"showFlares":true,"showImageEffects":true,"showParticleSystems":true,"showVisualEffectGraphs":true,"m_FxEnabled":true},"in2DMode":false,"pivot":{"x":0.5530446171760559,"y":1.1197850704193116,"z":0.06432698667049408},"rotation":{"x":-0.03625571355223656,"y":-0.047910794615745547,"z":0.0017286408692598343,"w":-0.9980962872505188},"size":0.4187982380390167,"orthographic":false}