{"cameraMode":{"drawMode":0,"name":"Shaded","section":"Shading Mode"},"sceneLighting":false,"audioPlay":false,"sceneViewState":{"m_AlwaysRefresh":false,"showFog":true,"showSkybox":false,"showFlares":true,"showImageEffects":true,"showParticleSystems":true,"showVisualEffectGraphs":true,"m_FxEnabled":true},"in2DMode":false,"pivot":{"x":-1.552178978919983,"y":19.275362014770509,"z":-8.319286346435547},"rotation":{"x":0.00017560920969117433,"y":0.9991510510444641,"z":0.004186203703284264,"w":-0.03599977865815163},"size":24.595123291015626,"orthographic":false}