{"cameraMode":{"drawMode":0,"name":"Shaded","section":"Shading Mode"},"sceneLighting":false,"audioPlay":false,"sceneViewState":{"m_AlwaysRefresh":false,"showFog":true,"showSkybox":false,"showFlares":true,"showImageEffects":true,"showParticleSystems":true,"showVisualEffectGraphs":true,"m_FxEnabled":true},"in2DMode":false,"pivot":{"x":-0.000001628344080017996,"y":0.00001295050788030494,"z":0.000025160537916235626},"rotation":{"x":0.10268157720565796,"y":0.7184739708900452,"z":0.6790309548377991,"w":-0.10855435580015183},"size":0.000017320508050033823,"orthographic":false}