{"cameraMode":{"drawMode":0,"name":"Shaded","section":"Shading Mode"},"sceneLighting":false,"audioPlay":false,"sceneViewState":{"m_AlwaysRefresh":false,"showFog":true,"showSkybox":false,"showFlares":true,"showImageEffects":true,"showParticleSystems":true,"showVisualEffectGraphs":true,"m_FxEnabled":true},"in2DMode":false,"pivot":{"x":1.3004372119903565,"y":1.9297304153442383,"z":-2.46565842628479},"rotation":{"x":-0.0961500033736229,"y":0.0030197459273040296,"z":-0.000301977910567075,"w":-0.9952669739723206},"size":0.3792613744735718,"orthographic":false}