{"cameraMode":{"drawMode":0,"name":"Shaded","section":"Shading Mode"},"sceneLighting":false,"audioPlay":false,"sceneViewState":{"m_AlwaysRefresh":false,"showFog":true,"showSkybox":false,"showFlares":true,"showImageEffects":true,"showParticleSystems":true,"showVisualEffectGraphs":true,"m_FxEnabled":true},"in2DMode":false,"pivot":{"x":-0.0010657310485839844,"y":2.3325767517089845,"z":-0.05549216270446777},"rotation":{"x":0.11802483350038529,"y":-0.5041101574897766,"z":0.07122726738452912,"w":0.8523706793785095},"size":2.954047918319702,"orthographic":false}