{"cameraMode":{"drawMode":0,"name":"Shaded","section":"Shading Mode"},"sceneLighting":false,"audioPlay":false,"sceneViewState":{"m_AlwaysRefresh":false,"showFog":true,"showSkybox":false,"showFlares":true,"showImageEffects":true,"showParticleSystems":true,"showVisualEffectGraphs":true,"m_FxEnabled":true},"in2DMode":false,"pivot":{"x":1.469534158706665,"y":1.0592637062072755,"z":0.07999996840953827},"rotation":{"x":-0.044703856110572818,"y":0.05227072164416313,"z":0.0023496728390455248,"w":0.9976281523704529},"size":0.3792613744735718,"orthographic":false}